{
  "summary": {
    "successRate": 1.0,
    "total": 13.333938728,
    "slowest": 0.13107125,
    "fastest": 0.000050602,
    "average": 0.0013287532134470274,
    "requestsPerSec": 74996.59480961131,
    "totalData": 6000000,
    "sizePerRequest": 6,
    "sizePerSec": 449979.56885766785
  },
  "responseTimeHistogram": {
    "0.000050602": 1,
    "0.013152666799999999": 999472,
    "0.026254731599999998": 323,
    "0.03935679639999999": 25,
    "0.05245886119999999": 52,
    "0.06556092599999999": 118,
    "0.07866299079999999": 2,
    "0.09176505559999999": 0,
    "0.10486712039999999": 0,
    "0.11796918519999998": 3,
    "0.13107125": 4
  },
  "latencyPercentiles": {
    "p10": 0.000371325,
    "p25": 0.000595736,
    "p50": 0.000925829,
    "p75": 0.001505784,
    "p90": 0.002816106,
    "p95": 0.003932187,
    "p99": 0.006222156,
    "p99.9": 0.011228978,
    "p99.99": 0.053545572
  },
  "rps": {
    "mean": 75254.35225808414,
    "stddev": 15257.577494704668,
    "max": 106710.64186190804,
    "min": 20.754143305284178,
    "percentiles": {
      "p10": 54320.28862780337,
      "p25": 68246.80981343023,
      "p50": 78836.78971383152,
      "p75": 85513.9387720205,
      "p90": 90743.52967117613,
      "p95": 93793.0230255342,
      "p99": 98388.21665846845,
      "p99.9": 101821.20935790958,
      "p99.99": 106710.64186190804
    }
  },
  "details": {
    "DNSDialup": {
      "average": 0.0034757949300000006,
      "fastest": 0.002642731,
      "slowest": 0.004145929
    },
    "DNSLookup": {
      "average": 0.00002392061999999999,
      "fastest": 5.434e-6,
      "slowest": 0.000348685
    }
  },
  "statusCodeDistribution": {
    "200": 1000000
  },
  "errorDistribution": {}
}
